"","subjects.rate","subjects.cover_x","subjects.title","subjects.url","subjects.playable","subjects.cover","subjects.id","subjects.cover_y","subjects.is_new"
"1","8.5",1500,"芝加哥七君子审判","https://movie.douban.com/subject/2609258/",FALSE,"https://img3.doubanio.com/view/photo/s_ratio_poster/public/p2620161520.jpg","2609258",2222,TRUE
"2","7.3",2000,"爱与怪物","https://movie.douban.com/subject/21349338/",FALSE,"https://img9.doubanio.com/view/photo/s_ratio_poster/public/p2622904695.jpg","21349338",3000,TRUE
"3","6.3",2898,"试着死了一次","https://movie.douban.com/subject/30327541/",FALSE,"https://img9.doubanio.com/view/photo/s_ratio_poster/public/p2586704744.jpg","30327541",4096,TRUE
"4","6.1",881,"精神错乱","https://movie.douban.com/subject/33442707/",FALSE,"https://img1.doubanio.com/view/photo/s_ratio_poster/public/p2608174457.jpg","33442707",1250,TRUE
"5","6.6",2100,"麦路人","https://movie.douban.com/subject/30312137/",TRUE,"https://img2.doubanio.com/view/photo/s_ratio_poster/public/p2619912723.jpg","30312137",3000,FALSE
"6","5.7",1500,"蝴蝶梦","https://movie.douban.com/subject/10490568/",FALSE,"https://img1.doubanio.com/view/photo/s_ratio_poster/public/p2620007428.jpg","10490568",2222,TRUE
"7","5.9",967,"奇奇怪怪：整容液","https://movie.douban.com/subject/35151491/",FALSE,"https://img9.doubanio.com/view/photo/s_ratio_poster/public/p2616803984.jpg","35151491",1386,TRUE
"8","6.1",1500,"福尔摩斯小姐：失踪的侯爵","https://movie.douban.com/subject/27662541/",FALSE,"https://img2.doubanio.com/view/photo/s_ratio_poster/public/p2617666143.jpg","27662541",2222,FALSE
"9","7.8",2122,"数码宝贝：最后的进化","https://movie.douban.com/subject/30482645/",FALSE,"https://img1.doubanio.com/view/photo/s_ratio_poster/public/p2623024227.jpg","30482645",3000,FALSE
"10","7.2",1400,"从邪恶中拯救我","https://movie.douban.com/subject/30425219/",FALSE,"https://img1.doubanio.com/view/photo/s_ratio_poster/public/p2612814747.jpg","30425219",1998,FALSE
"11","7.0",1080,"神弃之地","https://movie.douban.com/subject/27194336/",FALSE,"https://img1.doubanio.com/view/photo/s_ratio_poster/public/p2619322729.jpg","27194336",1920,FALSE
"12","8.2",1456,"鸣鸟不飞：乌云密布","https://movie.douban.com/subject/33425932/",FALSE,"https://img9.doubanio.com/view/photo/s_ratio_poster/public/p2586787185.jpg","33425932",2048,FALSE
"13","7.3",1500,"我想结束这一切","https://movie.douban.com/subject/30129061/",FALSE,"https://img1.doubanio.com/view/photo/s_ratio_poster/public/p2619279677.jpg","30129061",2222,FALSE
"14","8.8",708,"来自深渊：深魂的黎明","https://movie.douban.com/subject/27591193/",TRUE,"https://img3.doubanio.com/view/photo/s_ratio_poster/public/p2589852362.jpg","27591193",1000,FALSE
"15","8.8",1017,"多哥","https://movie.douban.com/subject/30271841/",FALSE,"https://img9.doubanio.com/view/photo/s_ratio_poster/public/p2575882765.jpg","30271841",1500,FALSE
"16","7.7",2233,"1/2的魔法","https://movie.douban.com/subject/30401849/",FALSE,"https://img2.doubanio.com/view/photo/s_ratio_poster/public/p2616349563.jpg","30401849",3190,FALSE
"17","7.7",1680,"误杀","https://movie.douban.com/subject/30176393/",TRUE,"https://img3.doubanio.com/view/photo/s_ratio_poster/public/p2614628862.jpg","30176393",2352,FALSE
"18","8.5",3000,"1917","https://movie.douban.com/subject/30252495/",TRUE,"https://img9.doubanio.com/view/photo/s_ratio_poster/public/p2615015805.jpg","30252495",4200,FALSE
"19","7.2",1080,"冰雪奇缘2","https://movie.douban.com/subject/25887288/",TRUE,"https://img3.doubanio.com/view/photo/s_ratio_poster/public/p2572847101.jpg","25887288",1543,FALSE
"20","6.0",1071,"两只老虎","https://movie.douban.com/subject/30196805/",TRUE,"https://img1.doubanio.com/view/photo/s_ratio_poster/public/p2574713609.jpg","30196805",1500,FALSE
"21","6.3",1080,"妙先生","https://movie.douban.com/subject/34888476/",TRUE,"https://img9.doubanio.com/view/photo/s_ratio_poster/public/p2614234255.jpg","34888476",1512,FALSE
"22","5.9",1328,"血书","https://movie.douban.com/subject/34985942/",FALSE,"https://img3.doubanio.com/view/photo/s_ratio_poster/public/p2616827712.jpg","34985942",2048,TRUE
"23","7.2",736,"翻译疑云","https://movie.douban.com/subject/30145117/",FALSE,"https://img1.doubanio.com/view/photo/s_ratio_poster/public/p2580137248.jpg","30145117",1000,FALSE
"24","7.2",658,"逃走的女人","https://movie.douban.com/subject/34958725/",FALSE,"https://img9.doubanio.com/view/photo/s_ratio_poster/public/p2615399825.jpg","34958725",937,FALSE
"25","8.3",5906,"少年的你","https://movie.douban.com/subject/30166972/",TRUE,"https://img2.doubanio.com/view/photo/s_ratio_poster/public/p2572166063.jpg","30166972",8268,FALSE
"26","8.2",4000,"理查德・朱维尔的哀歌","https://movie.douban.com/subject/25842038/",TRUE,"https://img9.doubanio.com/view/photo/s_ratio_poster/public/p2578705064.jpg","25842038",5926,FALSE
"27","6.1",641,"刺猬索尼克","https://movie.douban.com/subject/25905044/",TRUE,"https://img3.doubanio.com/view/photo/s_ratio_poster/public/p2614594570.jpg","25905044",1000,FALSE
"28","8.7",1500,"克劳斯：圣诞节的秘密","https://movie.douban.com/subject/26858510/",FALSE,"https://img3.doubanio.com/view/photo/s_ratio_poster/public/p2570825762.jpg","26858510",2222,FALSE
"29","5.5",1382,"2067","https://movie.douban.com/subject/6875258/",FALSE,"https://img2.doubanio.com/view/photo/s_ratio_poster/public/p2619841443.jpg","6875258",2048,FALSE
"30","6.3",2025,"黑盒子","https://movie.douban.com/subject/35177274/",FALSE,"https://img1.doubanio.com/view/photo/s_ratio_poster/public/p2620586557.jpg","35177274",3000,TRUE
"31","7.7",2416,"决战中途岛","https://movie.douban.com/subject/26786669/",TRUE,"https://img3.doubanio.com/view/photo/s_ratio_poster/public/p2573582192.jpg","26786669",3375,FALSE
"32","5.1",1080,"釜山行2：半岛","https://movie.douban.com/subject/30299515/",FALSE,"https://img3.doubanio.com/view/photo/s_ratio_poster/public/p2588307420.jpg","30299515",1539,FALSE
"33","9.0",716,"悲惨世界：音乐会现场","https://movie.douban.com/subject/34892489/",FALSE,"https://img2.doubanio.com/view/photo/s_ratio_poster/public/p2574521473.jpg","34892489",1075,FALSE
"34","8.2",1382,"灰猎犬号","https://movie.douban.com/subject/26871906/",FALSE,"https://img9.doubanio.com/view/photo/s_ratio_poster/public/p2591289975.jpg","26871906",2048,FALSE
"35","7.6",2025,"逃离比勒陀利亚","https://movie.douban.com/subject/27046758/",FALSE,"https://img1.doubanio.com/view/photo/s_ratio_poster/public/p2589768807.jpg","27046758",2925,FALSE
"36","8.5",1944,"黑水","https://movie.douban.com/subject/30331959/",FALSE,"https://img3.doubanio.com/view/photo/s_ratio_poster/public/p2569450232.jpg","30331959",2880,FALSE
"37","8.3",2000,"绅士们","https://movie.douban.com/subject/30211998/",FALSE,"https://img9.doubanio.com/view/photo/s_ratio_poster/public/p2592522995.jpg","30211998",3000,FALSE
"38","7.8",1080,"剧场版 架空OL日记","https://movie.douban.com/subject/34336025/",FALSE,"https://img1.doubanio.com/view/photo/s_ratio_poster/public/p2620587927.jpg","34336025",1527,FALSE
"39","7.2",701,"杀掉它，然后离开这个小镇","https://movie.douban.com/subject/34952351/",FALSE,"https://img1.doubanio.com/view/photo/s_ratio_poster/public/p2585107469.jpg","34952351",1000,FALSE
"40","8.1",950,"南山的部长们","https://movie.douban.com/subject/30241298/",FALSE,"https://img3.doubanio.com/view/photo/s_ratio_poster/public/p2581888792.jpg","30241298",1361,FALSE
"41","5.6",513,"黑帮大佬和我的365日","https://movie.douban.com/subject/34968329/",FALSE,"https://img9.doubanio.com/view/photo/s_ratio_poster/public/p2609396514.jpg","34968329",598,FALSE
"42","7.4",2121,"温蒂妮","https://movie.douban.com/subject/34603816/",TRUE,"https://img3.doubanio.com/view/photo/s_ratio_poster/public/p2599824382.jpg","34603816",3000,FALSE
"43","6.6",4370,"受益人","https://movie.douban.com/subject/30299311/",TRUE,"https://img3.doubanio.com/view/photo/s_ratio_poster/public/p2572429001.jpg","30299311",6201,FALSE
"44","7.1",679,"前哨","https://movie.douban.com/subject/30212622/",FALSE,"https://img3.doubanio.com/view/photo/s_ratio_poster/public/p2607219972.jpg","30212622",1000,FALSE
"45","8.4",1063,"进击的巨人：编年史","https://movie.douban.com/subject/35088569/",FALSE,"https://img1.doubanio.com/view/photo/s_ratio_poster/public/p2606366038.jpg","35088569",1500,FALSE
"46","7.4",1000,"半个喜剧","https://movie.douban.com/subject/30269016/",TRUE,"https://img9.doubanio.com/view/photo/s_ratio_poster/public/p2576482356.jpg","30269016",1500,FALSE
"47","8.8",800,"紫罗兰永恒花园 剧场版","https://movie.douban.com/subject/30179560/",FALSE,"https://img1.doubanio.com/view/photo/s_ratio_poster/public/p2611203679.jpg","30179560",1129,FALSE
"48","6.9",2740,"85年盛夏","https://movie.douban.com/subject/33974174/",FALSE,"https://img9.doubanio.com/view/photo/s_ratio_poster/public/p2609300674.jpg","33974174",3732,FALSE
"49","7.2",2765,"爱玛","https://movie.douban.com/subject/30361878/",TRUE,"https://img2.doubanio.com/view/photo/s_ratio_poster/public/p2581191543.jpg","30361878",4096,FALSE
"50","6.8",1000,"清白","https://movie.douban.com/subject/33379493/",FALSE,"https://img3.doubanio.com/view/photo/s_ratio_poster/public/p2583398530.jpg","33379493",1429,FALSE
"51","7.6",8175,"从不，很少，有时，总是","https://movie.douban.com/subject/33411505/",FALSE,"https://img3.doubanio.com/view/photo/s_ratio_poster/public/p2588279882.jpg","33411505",12075,FALSE
"52","9.1",563,"路人女主的养成方法 Fine","https://movie.douban.com/subject/27596682/",TRUE,"https://img1.doubanio.com/view/photo/s_ratio_poster/public/p2543633829.jpg","27596682",800,FALSE
"53","6.5",1403,"OK老板娘","https://movie.douban.com/subject/35127317/",FALSE,"https://img1.doubanio.com/view/photo/s_ratio_poster/public/p2616000909.jpg","35127317",2000,FALSE
"54","6.4",2000,"只有芸知道","https://movie.douban.com/subject/33436135/",TRUE,"https://img1.doubanio.com/view/photo/s_ratio_poster/public/p2574861328.jpg","33436135",3083,FALSE
"55","7.9",750,"剧场","https://movie.douban.com/subject/33446524/",FALSE,"https://img1.doubanio.com/view/photo/s_ratio_poster/public/p2610788779.jpg","33446524",1061,FALSE
"56","5.6",1400,"#活着","https://movie.douban.com/subject/34462775/",FALSE,"https://img3.doubanio.com/view/photo/s_ratio_poster/public/p2604626010.jpg","34462775",2006,FALSE
"57","7.1",1080,"野性的呼唤","https://movie.douban.com/subject/27199324/",FALSE,"https://img2.doubanio.com/view/photo/s_ratio_poster/public/p2583544383.jpg","27199324",1600,FALSE
"58","8.0",1451,"行骗天下JP：公主篇","https://movie.douban.com/subject/33476040/",FALSE,"https://img9.doubanio.com/view/photo/s_ratio_poster/public/p2576711596.jpg","33476040",2048,FALSE
"59","5.8",1500,"铁雨2：首脑峰会","https://movie.douban.com/subject/30479644/",FALSE,"https://img1.doubanio.com/view/photo/s_ratio_poster/public/p2611996958.jpg","30479644",2143,FALSE
"60","6.8",1403,"哦！文姬","https://movie.douban.com/subject/30347027/",FALSE,"https://img3.doubanio.com/view/photo/s_ratio_poster/public/p2619191892.jpg","30347027",2000,FALSE
"61","6.9",888,"叶问4：完结篇","https://movie.douban.com/subject/26885074/",TRUE,"https://img9.doubanio.com/view/photo/s_ratio_poster/public/p2577578115.jpg","26885074",1243,FALSE
"62","5.8",675,"孤身","https://movie.douban.com/subject/35050805/",FALSE,"https://img1.doubanio.com/view/photo/s_ratio_poster/public/p2616483998.jpg","35050805",1000,TRUE
"63","8.0",1500,"真心半解","https://movie.douban.com/subject/33420285/",FALSE,"https://img9.doubanio.com/view/photo/s_ratio_poster/public/p2594916975.jpg","33420285",2222,FALSE
"64","9.1",1200,"命运之夜――天之杯Ⅲ：春之歌","https://movie.douban.com/subject/26759820/",FALSE,"https://img1.doubanio.com/view/photo/s_ratio_poster/public/p2586167249.jpg","26759820",1714,FALSE
"65","7.3",3158,"狩猎","https://movie.douban.com/subject/30182726/",FALSE,"https://img1.doubanio.com/view/photo/s_ratio_poster/public/p2585533507.jpg","30182726",5000,FALSE
"66","6.4",5400,"内战前","https://movie.douban.com/subject/34814175/",FALSE,"https://img9.doubanio.com/view/photo/s_ratio_poster/public/p2589506495.jpg","34814175",8000,FALSE
"67","5.8",4500,"多力特的奇幻冒险","https://movie.douban.com/subject/27000981/",FALSE,"https://img1.doubanio.com/view/photo/s_ratio_poster/public/p2614594787.jpg","27000981",7134,FALSE
"68","7.3",1070,"假如爱有天意","https://movie.douban.com/subject/32579297/",FALSE,"https://img3.doubanio.com/view/photo/s_ratio_poster/public/p2578940720.jpg","32579297",1529,FALSE
"69","7.1",1410,"正直的候选人","https://movie.douban.com/subject/33441983/",FALSE,"https://img2.doubanio.com/view/photo/s_ratio_poster/public/p2580093763.jpg","33441983",2009,FALSE
"70","7.4",4240,"变身特工","https://movie.douban.com/subject/27000084/",FALSE,"https://img3.doubanio.com/view/photo/s_ratio_poster/public/p2577340942.jpg","27000084",6317,FALSE
"71","8.1",1240,"我是大哥大 电影版","https://movie.douban.com/subject/33400537/",FALSE,"https://img9.doubanio.com/view/photo/s_ratio_poster/public/p2595471914.jpg","33400537",1754,FALSE
"72","6.4",983,"破浪而出","https://movie.douban.com/subject/34794252/",FALSE,"https://img9.doubanio.com/view/photo/s_ratio_poster/public/p2622486285.jpg","34794252",1400,FALSE
"73","6.9",4096,"被光抓走的人","https://movie.douban.com/subject/30394535/",TRUE,"https://img1.doubanio.com/view/photo/s_ratio_poster/public/p2575887979.jpg","30394535",8192,FALSE
"74","8.1",1080,"小妇人","https://movie.douban.com/subject/26348103/",FALSE,"https://img9.doubanio.com/view/photo/s_ratio_poster/public/p2616349755.jpg","26348103",1512,FALSE
"75","7.1",1013,"隐形人","https://movie.douban.com/subject/2364086/",FALSE,"https://img9.doubanio.com/view/photo/s_ratio_poster/public/p2582428806.jpg","2364086",1500,FALSE
"76","7.1",1944,"爆炸新闻","https://movie.douban.com/subject/30289194/",TRUE,"https://img1.doubanio.com/view/photo/s_ratio_poster/public/p2571554907.jpg","30289194",2880,FALSE
"77","5.9",1080,"迓","https://movie.douban.com/subject/30306570/",TRUE,"https://img2.doubanio.com/view/photo/s_ratio_poster/public/p2581835383.jpg","30306570",1542,FALSE
"78","7.6",640,"鲁邦三世 The First","https://movie.douban.com/subject/34462037/",FALSE,"https://img1.doubanio.com/view/photo/s_ratio_poster/public/p2570280248.jpg","34462037",906,FALSE
"79","6.6",2025,"战争幽灵","https://movie.douban.com/subject/26969541/",FALSE,"https://img1.doubanio.com/view/photo/s_ratio_poster/public/p2559277527.jpg","26969541",3000,FALSE
"80","6.3",1920,"异界","https://movie.douban.com/subject/30264504/",FALSE,"https://img1.doubanio.com/view/photo/s_ratio_poster/public/p2581658698.jpg","30264504",2730,FALSE
"81","5.8",1451,"福岛50死士","https://movie.douban.com/subject/30384340/",TRUE,"https://img9.doubanio.com/view/photo/s_ratio_poster/public/p2578338706.jpg","30384340",2048,FALSE
"82","8.0",1451,"世界第一初恋：求婚篇","https://movie.douban.com/subject/34810454/",FALSE,"https://img9.doubanio.com/view/photo/s_ratio_poster/public/p2612292145.jpg","34810454",2047,FALSE
"83","6.5",1400,"秘密动物园","https://movie.douban.com/subject/30353076/",FALSE,"https://img9.doubanio.com/view/photo/s_ratio_poster/public/p2576727255.jpg","30353076",2006,FALSE
"84","6.9",1187,"抓住救命稻草的野兽们","https://movie.douban.com/subject/30180781/",FALSE,"https://img1.doubanio.com/view/photo/s_ratio_poster/public/p2593860359.jpg","30180781",1701,FALSE
"85","5.8",1460,"性之剧毒","https://movie.douban.com/subject/33414580/",FALSE,"https://img9.doubanio.com/view/photo/s_ratio_poster/public/p2586850735.jpg","33414580",2064,FALSE
"86","7.4",1476,"最后一封信","https://movie.douban.com/subject/30271236/",FALSE,"https://img1.doubanio.com/view/photo/s_ratio_poster/public/p2570353329.jpg","30271236",2048,FALSE
"87","6.3",2953,"星球大战9：天行者崛起","https://movie.douban.com/subject/22265687/",TRUE,"https://img1.doubanio.com/view/photo/s_ratio_poster/public/p2575456458.jpg","22265687",4370,FALSE
"88","7.2",703,"卡拉什尼科夫","https://movie.douban.com/subject/34947678/",FALSE,"https://img1.doubanio.com/view/photo/s_ratio_poster/public/p2595106068.jpg","34947678",1000,FALSE
"89","8.4",600,"与爱同居之永恒的爱","https://movie.douban.com/subject/34951277/",FALSE,"https://img9.doubanio.com/view/photo/s_ratio_poster/public/p2587583674.jpg","34951277",844,FALSE
"90","7.1",1500,"惊天营救","https://movie.douban.com/subject/30314127/",FALSE,"https://img3.doubanio.com/view/photo/s_ratio_poster/public/p2593425210.jpg","30314127",2222,FALSE
"91","7.5",692,"耳光","https://movie.douban.com/subject/34976969/",FALSE,"https://img1.doubanio.com/view/photo/s_ratio_poster/public/p2588064739.jpg","34976969",1000,FALSE
"92","5.7",2657,"猛禽小队和哈莉・奎茵","https://movie.douban.com/subject/30160393/",FALSE,"https://img1.doubanio.com/view/photo/s_ratio_poster/public/p2575974437.jpg","30160393",4097,FALSE
"93","5.4",2580,"吹哨人","https://movie.douban.com/subject/30198715/",TRUE,"https://img2.doubanio.com/view/photo/s_ratio_poster/public/p2572746113.jpg","30198715",3500,FALSE
"94","6.4",1187,"白头山","https://movie.douban.com/subject/30200087/",FALSE,"https://img1.doubanio.com/view/photo/s_ratio_poster/public/p2575684177.jpg","30200087",1701,FALSE
"95","5.1",6732,"大约在冬季","https://movie.douban.com/subject/30362186/",TRUE,"https://img9.doubanio.com/view/photo/s_ratio_poster/public/p2571441805.jpg","30362186",9921,FALSE
"96","6.5",2000,"侵入者","https://movie.douban.com/subject/34845342/",FALSE,"https://img9.doubanio.com/view/photo/s_ratio_poster/public/p2608495324.jpg","34845342",2860,FALSE
"97","7.1",2645,"猎谎者","https://movie.douban.com/subject/35027709/",TRUE,"https://img9.doubanio.com/view/photo/s_ratio_poster/public/p2611124274.jpg","35027709",4000,FALSE
"98","6.9",2764,"睡梦医生","https://movie.douban.com/subject/25932065/",FALSE,"https://img1.doubanio.com/view/photo/s_ratio_poster/public/p2571039507.jpg","25932065",4096,FALSE
"99","7.2",826,"时光沙漏","https://movie.douban.com/subject/32492219/",FALSE,"https://img9.doubanio.com/view/photo/s_ratio_poster/public/p2559242716.jpg","32492219",1166,FALSE
"100","6.2",1314,"花这样红","https://movie.douban.com/subject/34921537/",TRUE,"https://img1.doubanio.com/view/photo/s_ratio_poster/public/p2616544817.jpg","34921537",2160,FALSE
"101","7.9",796,"最好的还未到来","https://movie.douban.com/subject/30411557/",FALSE,"https://img1.doubanio.com/view/photo/s_ratio_poster/public/p2572357008.jpg","30411557",1080,FALSE
"102","5.6",1500,"超能计划","https://movie.douban.com/subject/30330875/",FALSE,"https://img9.doubanio.com/view/photo/s_ratio_poster/public/p2614190404.jpg","30330875",2222,FALSE
"103","6.3",1500,"永生守卫","https://movie.douban.com/subject/27009869/",FALSE,"https://img9.doubanio.com/view/photo/s_ratio_poster/public/p2613387966.jpg","27009869",2222,FALSE
"104","7.7",1500,"银行家","https://movie.douban.com/subject/30346880/",FALSE,"https://img1.doubanio.com/view/photo/s_ratio_poster/public/p2588389147.jpg","30346880",2222,FALSE
"105","7.0",844,"时光机","https://movie.douban.com/subject/33401841/",FALSE,"https://img9.doubanio.com/view/photo/s_ratio_poster/public/p2617289665.jpg","33401841",1209,FALSE
"106","7.5",540,"秀美人生","https://movie.douban.com/subject/35061627/",FALSE,"https://img2.doubanio.com/view/photo/s_ratio_poster/public/p2619211363.jpg","35061627",756,FALSE
"107","5.7",1665,"你是凶手","https://movie.douban.com/subject/26762744/",TRUE,"https://img9.doubanio.com/view/photo/s_ratio_poster/public/p2573691764.jpg","26762744",2362,FALSE
"108","6.2",4135,"女鬼桥","https://movie.douban.com/subject/34912837/",FALSE,"https://img9.doubanio.com/view/photo/s_ratio_poster/public/p2588341885.jpg","34912837",5906,FALSE
"109","7.7",1000,"天衣无缝的她","https://movie.douban.com/subject/27615267/",FALSE,"https://img3.doubanio.com/view/photo/s_ratio_poster/public/p2572140202.jpg","27615267",1425,FALSE
"110","6.4",4800,"想哭的我戴上了猫的面具","https://movie.douban.com/subject/34964061/",TRUE,"https://img1.doubanio.com/view/photo/s_ratio_poster/public/p2609399538.jpg","34964061",7600,FALSE
"111","7.4",706,"影里","https://movie.douban.com/subject/30291552/",FALSE,"https://img9.doubanio.com/view/photo/s_ratio_poster/public/p2576851525.jpg","30291552",1000,FALSE
"112","6.1",2100,"长安道","https://movie.douban.com/subject/25747204/",TRUE,"https://img2.doubanio.com/view/photo/s_ratio_poster/public/p2574145203.jpg","25747204",2940,FALSE
"113","5.9",2765,"深海异兽","https://movie.douban.com/subject/26981442/",FALSE,"https://img3.doubanio.com/view/photo/s_ratio_poster/public/p2576665910.jpg","26981442",4096,FALSE
"114","5.7",1500,"辣手保姆2：女王蜂","https://movie.douban.com/subject/34938650/",FALSE,"https://img1.doubanio.com/view/photo/s_ratio_poster/public/p2618617399.jpg","34938650",2222,FALSE
"115","6.0",2000,"勇敢者游戏2：再战巅峰","https://movie.douban.com/subject/30128985/",TRUE,"https://img2.doubanio.com/view/photo/s_ratio_poster/public/p2575911093.jpg","30128985",2880,FALSE
"116","7.0",1389,"怪胎","https://movie.douban.com/subject/34850590/",FALSE,"https://img9.doubanio.com/view/photo/s_ratio_poster/public/p2613241995.jpg","34850590",2048,FALSE
"117","5.9",2126,"寄生异形","https://movie.douban.com/subject/34852765/",FALSE,"https://img3.doubanio.com/view/photo/s_ratio_poster/public/p2614767662.jpg","34852765",3149,FALSE
"118","6.3",666,"夺魂连线","https://movie.douban.com/subject/35161256/",FALSE,"https://img9.doubanio.com/view/photo/s_ratio_poster/public/p2615652585.jpg","35161256",1000,FALSE
"119","6.1",700,"美味","https://movie.douban.com/subject/34887140/",FALSE,"https://img2.doubanio.com/view/photo/s_ratio_poster/public/p2574007373.jpg","34887140",1000,FALSE
"120","6.9",4050,"谎言大师","https://movie.douban.com/subject/30167633/",TRUE,"https://img1.doubanio.com/view/photo/s_ratio_poster/public/p2560819247.jpg","30167633",6000,FALSE
"121","6.0",6184,"宠爱","https://movie.douban.com/subject/33417046/",TRUE,"https://img3.doubanio.com/view/photo/s_ratio_poster/public/p2577327922.jpg","33417046",8657,FALSE
"122","5.4",2500,"东北往事：我叫刘海柱","https://movie.douban.com/subject/35141706/",TRUE,"https://img3.doubanio.com/view/photo/s_ratio_poster/public/p2617291342.jpg","35141706",3556,FALSE
"123","6.4",1500,"鬼影特攻：以暴制暴","https://movie.douban.com/subject/30163500/",FALSE,"https://img2.doubanio.com/view/photo/s_ratio_poster/public/p2574329643.jpg","30163500",2222,FALSE
"124","6.7",1396,"棕榈泉","https://movie.douban.com/subject/30487597/",FALSE,"https://img3.doubanio.com/view/photo/s_ratio_poster/public/p2605116792.jpg","30487597",2041,FALSE
"125","6.7",674,"绝密档案","https://movie.douban.com/subject/27043260/",FALSE,"https://img2.doubanio.com/view/photo/s_ratio_poster/public/p2608156973.jpg","27043260",1000,FALSE
"126","6.3",720,"列夫・朗道：娜塔莎","https://movie.douban.com/subject/34960201/",FALSE,"https://img3.doubanio.com/view/photo/s_ratio_poster/public/p2596413150.jpg","34960201",1080,FALSE
"127","6.8",2362,"大赢家","https://movie.douban.com/subject/34670218/",TRUE,"https://img3.doubanio.com/view/photo/s_ratio_poster/public/p2591946932.jpg","34670218",3307,FALSE
"128","7.4",1000,"十八个礼物","https://movie.douban.com/subject/34948091/",FALSE,"https://img3.doubanio.com/view/photo/s_ratio_poster/public/p2580781631.jpg","34948091",1434,FALSE
"129","7.4",2025,"不可抗拒","https://movie.douban.com/subject/30482204/",FALSE,"https://img3.doubanio.com/view/photo/s_ratio_poster/public/p2588939222.jpg","30482204",3000,FALSE
"130","6.9",2025,"品行不端","https://movie.douban.com/subject/30353579/",FALSE,"https://img9.doubanio.com/view/photo/s_ratio_poster/public/p2577934795.jpg","30353579",3000,FALSE
"131","7.4",1131,"纳尔齐斯与歌尔德蒙","https://movie.douban.com/subject/30348614/",FALSE,"https://img3.doubanio.com/view/photo/s_ratio_poster/public/p2573893990.jpg","30348614",1600,FALSE
"132","7.4",800,"勒热夫战役","https://movie.douban.com/subject/34904937/",FALSE,"https://img9.doubanio.com/view/photo/s_ratio_poster/public/p2575688095.jpg","34904937",1095,FALSE
"133","6.3",1447,"爱情人偶","https://movie.douban.com/subject/30446493/",FALSE,"https://img9.doubanio.com/view/photo/s_ratio_poster/public/p2575357474.jpg","30446493",2048,FALSE
"134","5.5",1020,"秘密花园","https://movie.douban.com/subject/30206883/",FALSE,"https://img1.doubanio.com/view/photo/s_ratio_poster/public/p2586685657.jpg","30206883",1512,FALSE
"135","6.5",747,"地产老千起落记","https://movie.douban.com/subject/33399978/",FALSE,"https://img2.doubanio.com/view/photo/s_ratio_poster/public/p2596302763.jpg","33399978",1115,FALSE
"136","6.1",675,"祖孙大战","https://movie.douban.com/subject/26887069/",FALSE,"https://img1.doubanio.com/view/photo/s_ratio_poster/public/p2617178327.jpg","26887069",1000,FALSE
"137","8.0",1413,"寅次郎的故事：欢迎归来","https://movie.douban.com/subject/30367682/",FALSE,"https://img1.doubanio.com/view/photo/s_ratio_poster/public/p2560911907.jpg","30367682",2001,FALSE
"138","5.3",1505,"午夜0时的吻","https://movie.douban.com/subject/30488584/",FALSE,"https://img9.doubanio.com/view/photo/s_ratio_poster/public/p2563038544.jpg","30488584",2130,FALSE
"139","7.1",673,"无邪","https://movie.douban.com/subject/34958728/",FALSE,"https://img1.doubanio.com/view/photo/s_ratio_poster/public/p2588633607.jpg","34958728",1000,FALSE
"140","7.4",1945,"夏日国度","https://movie.douban.com/subject/27033572/",FALSE,"https://img9.doubanio.com/view/photo/s_ratio_poster/public/p2604794314.jpg","27033572",2880,FALSE
"141","7.5",682,"幻爱","https://movie.douban.com/subject/34851172/",FALSE,"https://img9.doubanio.com/view/photo/s_ratio_poster/public/p2570883014.jpg","34851172",960,FALSE
"142","6.8",1920,"未怀孕","https://movie.douban.com/subject/34440481/",FALSE,"https://img3.doubanio.com/view/photo/s_ratio_poster/public/p2617781422.jpg","34440481",2844,FALSE
"143","6.1",2673,"倒忌时","https://movie.douban.com/subject/33381474/",FALSE,"https://img3.doubanio.com/view/photo/s_ratio_poster/public/p2570967090.jpg","33381474",3960,FALSE
"144","7.7",1611,"全部都在那个地方","https://movie.douban.com/subject/35026813/",FALSE,"https://img3.doubanio.com/view/photo/s_ratio_poster/public/p2595228542.jpg","35026813",2296,FALSE
"145","5.4",6072,"梦幻岛","https://movie.douban.com/subject/2364001/",FALSE,"https://img1.doubanio.com/view/photo/s_ratio_poster/public/p2584076497.jpg","2364001",9000,FALSE
"146","7.9",964,"海边电影院","https://movie.douban.com/subject/30255075/",FALSE,"https://img1.doubanio.com/view/photo/s_ratio_poster/public/p2584521999.jpg","30255075",1363,FALSE
"147","6.7",675,"法医追凶","https://movie.douban.com/subject/34976971/",FALSE,"https://img2.doubanio.com/view/photo/s_ratio_poster/public/p2613063433.jpg","34976971",1200,FALSE
"148","6.6",1107,"找到你了","https://movie.douban.com/subject/27066196/",FALSE,"https://img2.doubanio.com/view/photo/s_ratio_poster/public/p2572133393.jpg","27066196",1492,FALSE
"149","7.1",500,"约束的罪行","https://movie.douban.com/subject/35155117/",FALSE,"https://img3.doubanio.com/view/photo/s_ratio_poster/public/p2620498291.jpg","35155117",750,FALSE
"150","7.1",1800,"老大不小","https://movie.douban.com/subject/34913597/",TRUE,"https://img1.doubanio.com/view/photo/s_ratio_poster/public/p2613246507.jpg","34913597",2360,FALSE
"151","5.8",5906,"催眠・裁决","https://movie.douban.com/subject/26752547/",TRUE,"https://img1.doubanio.com/view/photo/s_ratio_poster/public/p2569044398.jpg","26752547",8268,FALSE
"152","5.7",8100,"绝地战警：疾速追击","https://movie.douban.com/subject/4014397/",FALSE,"https://img2.doubanio.com/view/photo/s_ratio_poster/public/p2614950073.jpg","4014397",11982,FALSE
"153","5.6",1080,"喋血战士","https://movie.douban.com/subject/4830483/",FALSE,"https://img3.doubanio.com/view/photo/s_ratio_poster/public/p2614385032.jpg","4830483",1512,FALSE
"154","7.2",939,"史泰登岛国王","https://movie.douban.com/subject/30451652/",FALSE,"https://img9.doubanio.com/view/photo/s_ratio_poster/public/p2600026575.jpg","30451652",1500,FALSE
"155","7.8",1000,"明日家族","https://movie.douban.com/subject/34894678/",FALSE,"https://img1.doubanio.com/view/photo/s_ratio_poster/public/p2580887608.jpg","34894678",1399,FALSE
"156","7.5",720,"咱们裸熊：电影版","https://movie.douban.com/subject/34822138/",FALSE,"https://img9.doubanio.com/view/photo/s_ratio_poster/public/p2604993774.jpg","34822138",1064,FALSE
"157","6.4",2455,"日子","https://movie.douban.com/subject/34868361/",FALSE,"https://img9.doubanio.com/view/photo/s_ratio_poster/public/p2585953135.jpg","34868361",3508,FALSE
"158","7.4",1200,"拍拖故事","https://movie.douban.com/subject/34919092/",FALSE,"https://img1.doubanio.com/view/photo/s_ratio_poster/public/p2607605327.jpg","34919092",1790,FALSE
"159","4.4",717,"天・火","https://movie.douban.com/subject/30357885/",TRUE,"https://img2.doubanio.com/view/photo/s_ratio_poster/public/p2576728533.jpg","30357885",1000,FALSE
"160","6.7",2100,"匹诺曹","https://movie.douban.com/subject/26886204/",FALSE,"https://img3.doubanio.com/view/photo/s_ratio_poster/public/p2574653120.jpg","26886204",3000,FALSE
"161","7.3",2531,"闭锁病房","https://movie.douban.com/subject/30443610/",FALSE,"https://img3.doubanio.com/view/photo/s_ratio_poster/public/p2564816560.jpg","30443610",3584,FALSE
"162","6.4",4500,"魔发精灵2","https://movie.douban.com/subject/26985839/",TRUE,"https://img2.doubanio.com/view/photo/s_ratio_poster/public/p2616436093.jpg","26985839",6664,FALSE
"163","7.3",680,"救国同盟","https://movie.douban.com/subject/33475049/",FALSE,"https://img9.doubanio.com/view/photo/s_ratio_poster/public/p2565060395.jpg","33475049",1000,FALSE
"164","5.5",2000,"霹雳娇娃","https://movie.douban.com/subject/26612258/",TRUE,"https://img9.doubanio.com/view/photo/s_ratio_poster/public/p2572654905.jpg","26612258",2929,FALSE
"165","5.1",1417,"征途","https://movie.douban.com/subject/26705567/",TRUE,"https://img3.doubanio.com/view/photo/s_ratio_poster/public/p2613925251.jpg","26705567",1984,FALSE
"166","6.1",426,"亲吻亭2","https://movie.douban.com/subject/30464908/",FALSE,"https://img3.doubanio.com/view/photo/s_ratio_poster/public/p2604001081.jpg","30464908",597,FALSE
"167","5.5",2362,"回南天","https://movie.douban.com/subject/30491798/",FALSE,"https://img1.doubanio.com/view/photo/s_ratio_poster/public/p2577338648.jpg","30491798",3543,FALSE
"168","6.7",864,"独一无二的伊万","https://movie.douban.com/subject/26981368/",FALSE,"https://img3.doubanio.com/view/photo/s_ratio_poster/public/p2613338041.jpg","26981368",1280,FALSE
"169","5.7",2500,"亲爱的新年好","https://movie.douban.com/subject/34460763/",TRUE,"https://img9.doubanio.com/view/photo/s_ratio_poster/public/p2578723424.jpg","34460763",3500,FALSE
"170","6.2",1080,"狩猎的时间","https://movie.douban.com/subject/27621498/",FALSE,"https://img9.doubanio.com/view/photo/s_ratio_poster/public/p2584034774.jpg","27621498",1547,FALSE
"171","7.5",700,"海莲娜：画布人生","https://movie.douban.com/subject/30466237/",FALSE,"https://img1.doubanio.com/view/photo/s_ratio_poster/public/p2548806468.jpg","30466237",999,FALSE
"172","6.8",1500,"副本：义体置换","https://movie.douban.com/subject/30373716/",FALSE,"https://img9.doubanio.com/view/photo/s_ratio_poster/public/p2590092824.jpg","30373716",2222,FALSE
"173","6.2",640,"忠贞","https://movie.douban.com/subject/34875261/",FALSE,"https://img2.doubanio.com/view/photo/s_ratio_poster/public/p2607223143.jpg","34875261",799,FALSE
"174","5.8",674,"护理师","https://movie.douban.com/subject/34892800/",FALSE,"https://img1.doubanio.com/view/photo/s_ratio_poster/public/p2615570169.jpg","34892800",1000,FALSE
"175","6.2",1000,"弥生、三月：爱你30年","https://movie.douban.com/subject/30486605/",FALSE,"https://img1.doubanio.com/view/photo/s_ratio_poster/public/p2581063838.jpg","30486605",1414,FALSE
"176","5.7",1300,"衣橱","https://movie.douban.com/subject/30241301/",FALSE,"https://img3.doubanio.com/view/photo/s_ratio_poster/public/p2580988442.jpg","30241301",1856,FALSE
"177","7.7",1462,"金都","https://movie.douban.com/subject/30159567/",FALSE,"https://img3.doubanio.com/view/photo/s_ratio_poster/public/p2574853860.jpg","30159567",2048,FALSE
"178","6.9",2000,"神之一手：鬼手篇","https://movie.douban.com/subject/27611496/",FALSE,"https://img9.doubanio.com/view/photo/s_ratio_poster/public/p2573073796.jpg","27611496",2850,FALSE
"179","6.7",1280,"第三将来时","https://movie.douban.com/subject/34919127/",FALSE,"https://img1.doubanio.com/view/photo/s_ratio_poster/public/p2586635577.jpg","34919127",1815,FALSE
"180","6.4",1500,"西行纪之再见悟空","https://movie.douban.com/subject/35034171/",TRUE,"https://img1.doubanio.com/view/photo/s_ratio_poster/public/p2597062109.jpg","35034171",2667,FALSE
"181","7.2",1417,"恶劣天气","https://movie.douban.com/subject/30334118/",FALSE,"https://img9.doubanio.com/view/photo/s_ratio_poster/public/p2560484476.jpg","30334118",2026,FALSE
"182","7.0",1654,"杀不了的他与死不了的她","https://movie.douban.com/subject/30372314/",FALSE,"https://img9.doubanio.com/view/photo/s_ratio_poster/public/p2560816964.jpg","30372314",2337,FALSE
"183","7.4",748,"真雄起","https://movie.douban.com/subject/34955843/",FALSE,"https://img9.doubanio.com/view/photo/s_ratio_poster/public/p2593528124.jpg","34955843",1080,FALSE
"184","5.7",2025,"美国泡菜","https://movie.douban.com/subject/30479135/",FALSE,"https://img1.doubanio.com/view/photo/s_ratio_poster/public/p2615442468.jpg","30479135",3000,FALSE
"185","6.5",640,"泰迦奥特曼剧场版：新生代之巅","https://movie.douban.com/subject/34937929/",TRUE,"https://img2.doubanio.com/view/photo/s_ratio_poster/public/p2579798643.jpg","34937929",905,FALSE
"186","5.6",1946,"尸人庄杀人事件","https://movie.douban.com/subject/30396302/",FALSE,"https://img3.doubanio.com/view/photo/s_ratio_poster/public/p2570964511.jpg","30396302",2752,FALSE
"187","6.5",697,"漫画威龙之大话特务","https://movie.douban.com/subject/34957970/",FALSE,"https://img1.doubanio.com/view/photo/s_ratio_poster/public/p2583254358.jpg","34957970",1000,FALSE
"188","6.7",1894,"他的","https://movie.douban.com/subject/34785152/",FALSE,"https://img3.doubanio.com/view/photo/s_ratio_poster/public/p2574209492.jpg","34785152",2701,FALSE
"189","5.2",4050,"遗落家庭","https://movie.douban.com/subject/34796295/",FALSE,"https://img1.doubanio.com/view/photo/s_ratio_poster/public/p2608423087.jpg","34796295",6000,FALSE
"190","6.1",1024,"动物园先生","https://movie.douban.com/subject/30304015/",FALSE,"https://img9.doubanio.com/view/photo/s_ratio_poster/public/p2578351116.jpg","30304015",1459,FALSE
"191","5.4",1445,"赌博默示录3","https://movie.douban.com/subject/30458826/",FALSE,"https://img9.doubanio.com/view/photo/s_ratio_poster/public/p2572823044.jpg","30458826",2044,FALSE
"192","5.7",1000,"莫斯科陷落2","https://movie.douban.com/subject/30242270/",FALSE,"https://img2.doubanio.com/view/photo/s_ratio_poster/public/p2577491093.jpg","30242270",1464,FALSE
"193","7.1",1920,"黑暗正义联盟：天启星战争","https://movie.douban.com/subject/34777818/",FALSE,"https://img2.doubanio.com/view/photo/s_ratio_poster/public/p2592012473.jpg","34777818",2560,FALSE
"194","5.8",1080,"烈阳天道","https://movie.douban.com/subject/34661803/",TRUE,"https://img1.doubanio.com/view/photo/s_ratio_poster/public/p2615551979.jpg","34661803",1920,FALSE
"195","6.3",1500,"致所有我曾爱过的男孩2","https://movie.douban.com/subject/30395081/",FALSE,"https://img3.doubanio.com/view/photo/s_ratio_poster/public/p2582094440.jpg","30395081",2222,FALSE
"196","7.4",803,"伊丽莎白不见了","https://movie.douban.com/subject/30305532/",FALSE,"https://img3.doubanio.com/view/photo/s_ratio_poster/public/p2592128362.jpg","30305532",1197,FALSE
"197","6.8",1500,"所有明亮的地方","https://movie.douban.com/subject/26580108/",FALSE,"https://img3.doubanio.com/view/photo/s_ratio_poster/public/p2577021302.jpg","26580108",2222,FALSE
"198","7.4",750,"医生在么","https://movie.douban.com/subject/34866375/",FALSE,"https://img3.doubanio.com/view/photo/s_ratio_poster/public/p2572134412.jpg","34866375",1000,FALSE
"199","7.9",2898,"心理测量者3：第一监视者","https://movie.douban.com/subject/34930803/",FALSE,"https://img1.doubanio.com/view/photo/s_ratio_poster/public/p2586461877.jpg","34930803",4096,FALSE
"200","6.5",1200,"干燥的风","https://movie.douban.com/subject/34961675/",FALSE,"https://img1.doubanio.com/view/photo/s_ratio_poster/public/p2587015967.jpg","34961675",1799,FALSE
"201","6.5",750,"红","https://movie.douban.com/subject/30465916/",FALSE,"https://img9.doubanio.com/view/photo/s_ratio_poster/public/p2572911756.jpg","30465916",1061,FALSE
"202","4.0",3158,"猫","https://movie.douban.com/subject/26787585/",FALSE,"https://img1.doubanio.com/view/photo/s_ratio_poster/public/p2574669959.jpg","26787585",5000,FALSE
"203","6.6",2025,"意大利制造","https://movie.douban.com/subject/27175453/",FALSE,"https://img2.doubanio.com/view/photo/s_ratio_poster/public/p2612140333.jpg","27175453",3000,FALSE
"204","6.8",1080,"双鱼陨石","https://movie.douban.com/subject/35055448/",TRUE,"https://img1.doubanio.com/view/photo/s_ratio_poster/public/p2601376569.jpg","35055448",1920,FALSE
"205","6.6",1978,"始动","https://movie.douban.com/subject/34809353/",FALSE,"https://img2.doubanio.com/view/photo/s_ratio_poster/public/p2576730703.jpg","34809353",2835,FALSE
"206","7.1",1080,"星游记之风暴法米拉2","https://movie.douban.com/subject/27599401/",TRUE,"https://img2.doubanio.com/view/photo/s_ratio_poster/public/p2591947273.jpg","27599401",1920,FALSE
"207","6.7",4050,"回归之路","https://movie.douban.com/subject/30345227/",FALSE,"https://img1.doubanio.com/view/photo/s_ratio_poster/public/p2584332087.jpg","30345227",6000,FALSE
"208","6.8",1448,"告别前的30分钟","https://movie.douban.com/subject/34451284/",FALSE,"https://img9.doubanio.com/view/photo/s_ratio_poster/public/p2574594805.jpg","34451284",2048,FALSE
"209","7.8",2160,"拨浪鼓咚咚响","https://movie.douban.com/subject/34925392/",FALSE,"https://img1.doubanio.com/view/photo/s_ratio_poster/public/p2615020809.jpg","34925392",4096,FALSE
"210","4.7",1000,"解放・终局营救","https://movie.douban.com/subject/30454698/",TRUE,"https://img1.doubanio.com/view/photo/s_ratio_poster/public/p2576622878.jpg","30454698",1448,FALSE
"211","6.4",1436,"譬如朝露","https://movie.douban.com/subject/34800651/",FALSE,"https://img9.doubanio.com/view/photo/s_ratio_poster/public/p2569332465.jpg","34800651",2048,FALSE
"212","6.7",1300,"黑钱","https://movie.douban.com/subject/34851242/",FALSE,"https://img3.doubanio.com/view/photo/s_ratio_poster/public/p2571696741.jpg","34851242",1856,FALSE
"213","6.6",1500,"欧洲歌唱大赛：火焰传说","https://movie.douban.com/subject/30483831/",FALSE,"https://img3.doubanio.com/view/photo/s_ratio_poster/public/p2608079562.jpg","30483831",2222,FALSE
"214","6.3",1382,"罪证子弹","https://movie.douban.com/subject/35086930/",FALSE,"https://img9.doubanio.com/view/photo/s_ratio_poster/public/p2606913994.jpg","35086930",2048,FALSE
"215","6.7",1000,"一夜","https://movie.douban.com/subject/33387265/",FALSE,"https://img3.doubanio.com/view/photo/s_ratio_poster/public/p2571385771.jpg","33387265",1413,FALSE
"216","6.6",700,"烂故事","https://movie.douban.com/subject/34958737/",FALSE,"https://img9.doubanio.com/view/photo/s_ratio_poster/public/p2583131124.jpg","34958737",999,FALSE
"217","5.9",675,"恐怖之夜：噩梦电台","https://movie.douban.com/subject/33459814/",FALSE,"https://img9.doubanio.com/view/photo/s_ratio_poster/public/p2592252065.jpg","33459814",1000,FALSE
"218","4.6",2007,"新咒怨(美版)","https://movie.douban.com/subject/25851683/",FALSE,"https://img3.doubanio.com/view/photo/s_ratio_poster/public/p2571068461.jpg","25851683",3000,FALSE
"219","6.6",716,"哥布林杀手：哥布林的王冠","https://movie.douban.com/subject/33371865/",FALSE,"https://img1.doubanio.com/view/photo/s_ratio_poster/public/p2579434298.jpg","33371865",1007,FALSE
"220","5.9",1000,"羊与狼的恋爱和杀人","https://movie.douban.com/subject/34454765/",FALSE,"https://img3.doubanio.com/view/photo/s_ratio_poster/public/p2570984810.jpg","34454765",1416,FALSE
"221","6.2",2773,"雪莉","https://movie.douban.com/subject/30224749/",FALSE,"https://img3.doubanio.com/view/photo/s_ratio_poster/public/p2602031362.jpg","30224749",4096,FALSE
"222","6.6",750,"关于哈利的那些事","https://movie.douban.com/subject/34887994/",FALSE,"https://img1.doubanio.com/view/photo/s_ratio_poster/public/p2581161597.jpg","34887994",1108,FALSE
"223","5.2",1120,"美人皮","https://movie.douban.com/subject/35140001/",TRUE,"https://img2.doubanio.com/view/photo/s_ratio_poster/public/p2614313063.jpg","35140001",1988,FALSE
"224","7.1",648,"窈窕淑男的日记","https://movie.douban.com/subject/34801957/",FALSE,"https://img3.doubanio.com/view/photo/s_ratio_poster/public/p2576821710.jpg","34801957",960,FALSE
"225","6.4",1000,"化学心脏","https://movie.douban.com/subject/34875592/",FALSE,"https://img9.doubanio.com/view/photo/s_ratio_poster/public/p2615960204.jpg","34875592",1483,FALSE
"226","4.9",2480,"我的灵魂是爱做的","https://movie.douban.com/subject/30468842/",FALSE,"https://img9.doubanio.com/view/photo/s_ratio_poster/public/p2574785194.jpg","30468842",3543,FALSE
"227","5.6",1080,"超能追缉","https://movie.douban.com/subject/26791681/",FALSE,"https://img3.doubanio.com/view/photo/s_ratio_poster/public/p2602870532.jpg","26791681",1536,FALSE
"228","6.0",841,"占有者","https://movie.douban.com/subject/30220880/",FALSE,"https://img3.doubanio.com/view/photo/s_ratio_poster/public/p2614169211.jpg","30220880",1250,FALSE
"229","7.5",1800,"艺术死了","https://movie.douban.com/subject/34815758/",FALSE,"https://img3.doubanio.com/view/photo/s_ratio_poster/public/p2611820311.jpg","34815758",2571,FALSE
"230","6.1",1500,"誓血五人组","https://movie.douban.com/subject/30425206/",FALSE,"https://img9.doubanio.com/view/photo/s_ratio_poster/public/p2604552976.jpg","30425206",2222,FALSE
"231","5.2",950,"特警队","https://movie.douban.com/subject/30317706/",TRUE,"https://img9.doubanio.com/view/photo/s_ratio_poster/public/p2576871245.jpg","30317706",1328,FALSE
"232","6.4",1012,"去年圣诞","https://movie.douban.com/subject/30259221/",FALSE,"https://img1.doubanio.com/view/photo/s_ratio_poster/public/p2568501167.jpg","30259221",1500,FALSE
"233","6.7",750,"四平青年之三傻罪途","https://movie.douban.com/subject/34948215/",TRUE,"https://img9.doubanio.com/view/photo/s_ratio_poster/public/p2617976005.jpg","34948215",1263,FALSE
"234","5.6",1800,"大天蓬","https://movie.douban.com/subject/33412928/",TRUE,"https://img3.doubanio.com/view/photo/s_ratio_poster/public/p2585229352.jpg","33412928",2360,FALSE
"235","6.0",2025,"沉默","https://movie.douban.com/subject/30216114/",FALSE,"https://img1.doubanio.com/view/photo/s_ratio_poster/public/p2610789507.jpg","30216114",3000,FALSE
"236","7.4",500,"爆笑虫子之冒险岛大电影","https://movie.douban.com/subject/35155158/",FALSE,"https://img9.doubanio.com/view/photo/s_ratio_poster/public/p2615224475.jpg","35155158",740,FALSE
"237","6.6",692,"起跑线2","https://movie.douban.com/subject/34967867/",FALSE,"https://img9.doubanio.com/view/photo/s_ratio_poster/public/p2585940954.jpg","34967867",1000,FALSE
"238","6.1",1452,"风的电话","https://movie.douban.com/subject/33406093/",FALSE,"https://img3.doubanio.com/view/photo/s_ratio_poster/public/p2577057800.jpg","33406093",2048,FALSE
"239","5.3",770,"奇门遁甲","https://movie.douban.com/subject/33218378/",TRUE,"https://img3.doubanio.com/view/photo/s_ratio_poster/public/p2590460570.jpg","33218378",1080,FALSE
"240","5.4",1519,"格蕾特和韩塞尔","https://movie.douban.com/subject/34807058/",FALSE,"https://img3.doubanio.com/view/photo/s_ratio_poster/public/p2576929851.jpg","34807058",2250,FALSE
"241","6.2",1000,"Goodbye 以谎言开端的人生喜剧","https://movie.douban.com/subject/27605696/",FALSE,"https://img3.doubanio.com/view/photo/s_ratio_poster/public/p2575439681.jpg","27605696",1412,FALSE
"242","6.5",496,"家怨","https://movie.douban.com/subject/33399866/",FALSE,"https://img9.doubanio.com/view/photo/s_ratio_poster/public/p2617235405.jpg","33399866",690,FALSE
"243","6.1",789,"超人：明日之子","https://movie.douban.com/subject/34777819/",FALSE,"https://img3.doubanio.com/view/photo/s_ratio_poster/public/p2618259030.jpg","34777819",1000,FALSE
"244","6.7",2024,"高调","https://movie.douban.com/subject/33456586/",FALSE,"https://img3.doubanio.com/view/photo/s_ratio_poster/public/p2601496681.jpg","33456586",3000,FALSE
"245","4.5",3508,"拧紧","https://movie.douban.com/subject/27605034/",FALSE,"https://img3.doubanio.com/view/photo/s_ratio_poster/public/p2583506590.jpg","27605034",4961,FALSE
"246","6.3",1080,"辛弃疾1162","https://movie.douban.com/subject/34906611/",TRUE,"https://img3.doubanio.com/view/photo/s_ratio_poster/public/p2579789452.jpg","34906611",1541,FALSE
"247","5.6",2000,"夜班服务员","https://movie.douban.com/subject/30142414/",FALSE,"https://img3.doubanio.com/view/photo/s_ratio_poster/public/p2581003002.jpg","30142414",3000,FALSE
"248","6.9",4518,"小姐与流浪汉","https://movie.douban.com/subject/30175647/",FALSE,"https://img9.doubanio.com/view/photo/s_ratio_poster/public/p2567078174.jpg","30175647",6693,FALSE
"249","6.2",1414,"假面病房","https://movie.douban.com/subject/34836613/",FALSE,"https://img3.doubanio.com/view/photo/s_ratio_poster/public/p2577799411.jpg","34836613",2000,FALSE
"250","6.1",595,"夺命隧道","https://movie.douban.com/subject/30363710/",FALSE,"https://img9.doubanio.com/view/photo/s_ratio_poster/public/p2580628804.jpg","30363710",842,FALSE
"251","5.6",1080,"童养媳之谜","https://movie.douban.com/subject/35095106/",FALSE,"https://img9.doubanio.com/view/photo/s_ratio_poster/public/p2622908466.jpg","35095106",1602,FALSE
"252","7.2",1012,"皇后与瘦子","https://movie.douban.com/subject/30279172/",FALSE,"https://img1.doubanio.com/view/photo/s_ratio_poster/public/p2572379837.jpg","30279172",1500,FALSE
"253","7.3",675,"真人快打传奇：蝎子的复仇","https://movie.douban.com/subject/34875588/",FALSE,"https://img3.doubanio.com/view/photo/s_ratio_poster/public/p2589037112.jpg","34875588",1000,FALSE
"254","7.6",2000,"美好正逢时","https://movie.douban.com/subject/34430894/",FALSE,"https://img2.doubanio.com/view/photo/s_ratio_poster/public/p2602894273.jpg","34430894",3000,FALSE
"255","7.2",700,"无尽的战壕","https://movie.douban.com/subject/34670959/",FALSE,"https://img2.doubanio.com/view/photo/s_ratio_poster/public/p2568831303.jpg","34670959",1000,FALSE
"256","6.7",1013,"无声的抵抗","https://movie.douban.com/subject/27050130/",FALSE,"https://img9.doubanio.com/view/photo/s_ratio_poster/public/p2588939745.jpg","27050130",1500,FALSE
"257","6.8",3544,"眼泪之盐","https://movie.douban.com/subject/26979204/",FALSE,"https://img3.doubanio.com/view/photo/s_ratio_poster/public/p2582761271.jpg","26979204",5197,FALSE
"258","6.6",2101,"平行森林","https://movie.douban.com/subject/35115642/",TRUE,"https://img1.doubanio.com/view/photo/s_ratio_poster/public/p2612481747.jpg","35115642",2800,FALSE
"259","7.3",600,"温德米尔儿童","https://movie.douban.com/subject/34955898/",FALSE,"https://img9.doubanio.com/view/photo/s_ratio_poster/public/p2582275464.jpg","34955898",900,FALSE
"260","4.7",2500,"肥龙过江","https://movie.douban.com/subject/27131218/",TRUE,"https://img1.doubanio.com/view/photo/s_ratio_poster/public/p2580345427.jpg","27131218",3499,FALSE
"261","7.3",1125,"乐高DC沙赞：魔法与怪物","https://movie.douban.com/subject/35030774/",FALSE,"https://img2.doubanio.com/view/photo/s_ratio_poster/public/p2595667773.jpg","35030774",1500,FALSE
"262","6.8",1728,"星星女孩","https://movie.douban.com/subject/26664834/",FALSE,"https://img1.doubanio.com/view/photo/s_ratio_poster/public/p2597603729.jpg","26664834",2560,FALSE
"263","5.7",2100,"马拉萨尼亚32号鬼宅","https://movie.douban.com/subject/34825863/",FALSE,"https://img9.doubanio.com/view/photo/s_ratio_poster/public/p2568865344.jpg","34825863",3000,FALSE
"264","6.2",480,"奇袭地道战","https://movie.douban.com/subject/35123973/",TRUE,"https://img1.doubanio.com/view/photo/s_ratio_poster/public/p2618326837.jpg","35123973",672,FALSE
"265","5.4",2250,"陈情令之乱魄","https://movie.douban.com/subject/34964056/",TRUE,"https://img2.doubanio.com/view/photo/s_ratio_poster/public/p2609410523.jpg","34964056",3210,FALSE
"266","6.6",790,"我仍然相信","https://movie.douban.com/subject/34802738/",FALSE,"https://img1.doubanio.com/view/photo/s_ratio_poster/public/p2566581198.jpg","34802738",1200,FALSE
"267","6.9",2000,"自杀房间2：仇恨者","https://movie.douban.com/subject/30448661/",FALSE,"https://img3.doubanio.com/view/photo/s_ratio_poster/public/p2600607860.jpg","30448661",3000,FALSE
"268","6.4",640,"我们的七日战争","https://movie.douban.com/subject/30214085/",FALSE,"https://img9.doubanio.com/view/photo/s_ratio_poster/public/p2570352974.jpg","30214085",903,FALSE
"269","7.3",747,"南法撩妹记","https://movie.douban.com/subject/34955335/",FALSE,"https://img9.doubanio.com/view/photo/s_ratio_poster/public/p2587015456.jpg","34955335",1056,FALSE
"270","7.8",516,"孩子不想理解","https://movie.douban.com/subject/34851210/",FALSE,"https://img3.doubanio.com/view/photo/s_ratio_poster/public/p2581848411.jpg","34851210",729,FALSE
"271","6.0",2700,"我的间谍","https://movie.douban.com/subject/30288636/",FALSE,"https://img1.doubanio.com/view/photo/s_ratio_poster/public/p2552656717.jpg","30288636",4000,FALSE
"272","6.1",666,"阿肯色","https://movie.douban.com/subject/30355043/",FALSE,"https://img1.doubanio.com/view/photo/s_ratio_poster/public/p2599417379.jpg","30355043",1000,FALSE
"273","4.6",2700,"陈情令之生魂","https://movie.douban.com/subject/34786971/",TRUE,"https://img2.doubanio.com/view/photo/s_ratio_poster/public/p2609410463.jpg","34786971",3852,FALSE
"274","4.5",5906,"冰峰暴","https://movie.douban.com/subject/27595272/",TRUE,"https://img2.doubanio.com/view/photo/s_ratio_poster/public/p2575134653.jpg","27595272",8268,FALSE
"275","6.4",1500,"威洛比家的孩子们","https://movie.douban.com/subject/27062059/",FALSE,"https://img1.doubanio.com/view/photo/s_ratio_poster/public/p2591913468.jpg","27062059",2222,FALSE
"276","5.0",4125,"节奏组","https://movie.douban.com/subject/27088813/",FALSE,"https://img1.doubanio.com/view/photo/s_ratio_poster/public/p2569141647.jpg","27088813",6075,FALSE
"277","5.3",960,"夺皮","https://movie.douban.com/subject/34951154/",TRUE,"https://img1.doubanio.com/view/photo/s_ratio_poster/public/p2581595568.jpg","34951154",1706,FALSE
"278","5.8",1500,"斯宾塞的机密任务","https://movie.douban.com/subject/30258631/",FALSE,"https://img2.doubanio.com/view/photo/s_ratio_poster/public/p2581570053.jpg","30258631",2222,FALSE
"279","6.1",1000,"明信片杀戮","https://movie.douban.com/subject/26726815/",FALSE,"https://img1.doubanio.com/view/photo/s_ratio_poster/public/p2588262927.jpg","26726815",1482,FALSE
"280","5.5",1500,"爱，婚礼，重演","https://movie.douban.com/subject/33418683/",FALSE,"https://img1.doubanio.com/view/photo/s_ratio_poster/public/p2593716669.jpg","33418683",2222,FALSE
"281","6.5",750,"温柔之歌","https://movie.douban.com/subject/26979200/",FALSE,"https://img1.doubanio.com/view/photo/s_ratio_poster/public/p2571391659.jpg","26979200",1000,FALSE
"282","6.7",1000,"假面骑士时王：盖茨王权","https://movie.douban.com/subject/34806231/",TRUE,"https://img3.doubanio.com/view/photo/s_ratio_poster/public/p2566905271.jpg","34806231",1413,FALSE
"283","4.6",1800,"霍家拳之铁臂娇娃","https://movie.douban.com/subject/33973066/",TRUE,"https://img9.doubanio.com/view/photo/s_ratio_poster/public/p2611318255.jpg","33973066",2360,FALSE
"284","6.6",706,"宏观世界","https://movie.douban.com/subject/34886500/",FALSE,"https://img1.doubanio.com/view/photo/s_ratio_poster/public/p2573946778.jpg","34886500",1000,FALSE
"285","5.9",3504,"新版降头女王","https://movie.douban.com/subject/34825511/",FALSE,"https://img3.doubanio.com/view/photo/s_ratio_poster/public/p2576756581.jpg","34825511",5000,FALSE
"286","6.2",1500,"失踪女孩","https://movie.douban.com/subject/26969026/",FALSE,"https://img1.doubanio.com/view/photo/s_ratio_poster/public/p2581064917.jpg","26969026",2222,FALSE
"287","4.9",600,"灵偶契约2","https://movie.douban.com/subject/30359790/",FALSE,"https://img1.doubanio.com/view/photo/s_ratio_poster/public/p2574072598.jpg","30359790",900,FALSE
"288","6.3",706,"调包富少的逆袭","https://movie.douban.com/subject/34935840/",FALSE,"https://img9.doubanio.com/view/photo/s_ratio_poster/public/p2579407695.jpg","34935840",1000,FALSE
"289","7.3",1448,"假面骑士令和初代","https://movie.douban.com/subject/34453221/",TRUE,"https://img1.doubanio.com/view/photo/s_ratio_poster/public/p2599635057.jpg","34453221",2048,FALSE
"290","5.8",1800,"法医宋慈","https://movie.douban.com/subject/34964410/",TRUE,"https://img3.doubanio.com/view/photo/s_ratio_poster/public/p2584700822.jpg","34964410",2360,FALSE
"291","5.8",2895,"AI崩坏","https://movie.douban.com/subject/30403681/",FALSE,"https://img1.doubanio.com/view/photo/s_ratio_poster/public/p2580075289.jpg","30403681",4096,FALSE
"292","6.9",720,"列夫・朗道：退变","https://movie.douban.com/subject/34964143/",FALSE,"https://img3.doubanio.com/view/photo/s_ratio_poster/public/p2596414052.jpg","34964143",1080,FALSE
"293","4.0",1762,"一生有你2019","https://movie.douban.com/subject/26263417/",TRUE,"https://img1.doubanio.com/view/photo/s_ratio_poster/public/p2572401707.jpg","26263417",2500,FALSE
"294","4.7",1500,"父亲的遗愿","https://movie.douban.com/subject/27156540/",FALSE,"https://img1.doubanio.com/view/photo/s_ratio_poster/public/p2582600849.jpg","27156540",2222,FALSE
"295","5.3",578,"谍海危情","https://movie.douban.com/subject/33218225/",FALSE,"https://img2.doubanio.com/view/photo/s_ratio_poster/public/p2587863243.jpg","33218225",834,FALSE
"296","5.5",675,"冬季浪漫故事","https://movie.douban.com/subject/6538867/",FALSE,"https://img3.doubanio.com/view/photo/s_ratio_poster/public/p2571802102.jpg","6538867",1000,FALSE
"297","5.7",707,"雌雌大盗","https://movie.douban.com/subject/34866373/",FALSE,"https://img9.doubanio.com/view/photo/s_ratio_poster/public/p2572134144.jpg","34866373",1000,FALSE
"298","4.7",770,"美味侦探","https://movie.douban.com/subject/33458819/",TRUE,"https://img1.doubanio.com/view/photo/s_ratio_poster/public/p2591569847.jpg","33458819",1080,FALSE
"299","6.2",1446,"决算！忠臣藏","https://movie.douban.com/subject/30403235/",FALSE,"https://img9.doubanio.com/view/photo/s_ratio_poster/public/p2568730984.jpg","30403235",2048,FALSE
"300","3.3",1080,"花木兰之大漠营救","https://movie.douban.com/subject/35167579/",TRUE,"https://img1.doubanio.com/view/photo/s_ratio_poster/public/p2616754749.jpg","35167579",1898,FALSE
"301","6.8",707,"冷酷游戏","https://movie.douban.com/subject/30143761/",FALSE,"https://img9.doubanio.com/view/photo/s_ratio_poster/public/p2569119014.jpg","30143761",1000,FALSE
"302","6.7",773,"列夫・朗道：三日","https://movie.douban.com/subject/34977898/",FALSE,"https://img9.doubanio.com/view/photo/s_ratio_poster/public/p2601358556.jpg","34977898",1100,FALSE
"303","5.7",1500,"营救老爸老妈","https://movie.douban.com/subject/34822097/",FALSE,"https://img9.doubanio.com/view/photo/s_ratio_poster/public/p2616447495.jpg","34822097",2222,FALSE
"304","4.8",2000,"超人：红色之子","https://movie.douban.com/subject/27668334/",FALSE,"https://img9.doubanio.com/view/photo/s_ratio_poster/public/p2587880225.jpg","27668334",3000,FALSE
"305","6.0",1070,"费雪小姐和泪之穴","https://movie.douban.com/subject/30129753/",FALSE,"https://img1.doubanio.com/view/photo/s_ratio_poster/public/p2532707287.jpg","30129753",1500,FALSE
"306","6.4",1450,"谎话连篇2","https://movie.douban.com/subject/30457155/",FALSE,"https://img3.doubanio.com/view/photo/s_ratio_poster/public/p2574742822.jpg","30457155",2048,FALSE
"307","6.5",2000,"天文：问天","https://movie.douban.com/subject/30243342/",FALSE,"https://img9.doubanio.com/view/photo/s_ratio_poster/public/p2573803146.jpg","30243342",2850,FALSE
"308","6.4",504,"那个我最亲爱的陌生人","https://movie.douban.com/subject/27177463/",FALSE,"https://img3.doubanio.com/view/photo/s_ratio_poster/public/p2571791441.jpg","27177463",720,FALSE
"309","4.6",3570,"我的拳王男友","https://movie.douban.com/subject/27132180/",TRUE,"https://img3.doubanio.com/view/photo/s_ratio_poster/public/p2572690842.jpg","27132180",4999,FALSE
"310","4.6",1421,"失踪","https://movie.douban.com/subject/30279883/",FALSE,"https://img9.doubanio.com/view/photo/s_ratio_poster/public/p2572668775.jpg","30279883",2000,FALSE
"311","5.1",2025,"姐妹老板","https://movie.douban.com/subject/30230604/",TRUE,"https://img1.doubanio.com/view/photo/s_ratio_poster/public/p2576573998.jpg","30230604",3000,FALSE
"312","6.4",1442,"剧演的终章","https://movie.douban.com/subject/26979057/",FALSE,"https://img3.doubanio.com/view/photo/s_ratio_poster/public/p2557367590.jpg","26979057",1997,FALSE
"313","8.8",2000,"银河英雄传说 Die Neue These 星乱 第2章","https://movie.douban.com/subject/34868197/",FALSE,"https://img1.doubanio.com/view/photo/s_ratio_poster/public/p2572244427.jpg","34868197",2825,FALSE
"314","7.1",900,"疯狂流浪者","https://movie.douban.com/subject/34954342/",FALSE,"https://img3.doubanio.com/view/photo/s_ratio_poster/public/p2581585122.jpg","34954342",1200,FALSE
"315","6.7",1000,"芳醇","https://movie.douban.com/subject/34823749/",FALSE,"https://img9.doubanio.com/view/photo/s_ratio_poster/public/p2571583125.jpg","34823749",1410,FALSE
"316","6.5",1500,"失宠","https://movie.douban.com/subject/34937473/",FALSE,"https://img9.doubanio.com/view/photo/s_ratio_poster/public/p2579629375.jpg","34937473",2222,FALSE
"317","6.8",773,"列夫・朗道：诺拉与母亲","https://movie.douban.com/subject/34977893/",FALSE,"https://img9.doubanio.com/view/photo/s_ratio_poster/public/p2601128944.jpg","34977893",1100,FALSE
"318","6.4",2000,"西伯利亚","https://movie.douban.com/subject/26712126/",FALSE,"https://img1.doubanio.com/view/photo/s_ratio_poster/public/p2586843267.jpg","26712126",2831,FALSE
"319","6.2",2031,"希腊环游记","https://movie.douban.com/subject/34960097/",FALSE,"https://img9.doubanio.com/view/photo/s_ratio_poster/public/p2594901616.jpg","34960097",3000,FALSE
"320","6.9",700,"不朽的西罗","https://movie.douban.com/subject/34848600/",FALSE,"https://img2.doubanio.com/view/photo/s_ratio_poster/public/p2574932853.jpg","34848600",1000,FALSE
"321","6.8",675,"等待安雅","https://movie.douban.com/subject/30143838/",FALSE,"https://img9.doubanio.com/view/photo/s_ratio_poster/public/p2567468066.jpg","30143838",1000,FALSE
"322","5.5",1280,"疯狂老爹","https://movie.douban.com/subject/35017520/",TRUE,"https://img3.doubanio.com/view/photo/s_ratio_poster/public/p2593934191.jpg","35017520",1856,FALSE
"323","6.6",2200,"最初的晚餐","https://movie.douban.com/subject/34447006/",FALSE,"https://img3.doubanio.com/view/photo/s_ratio_poster/public/p2561422270.jpg","34447006",3103,FALSE
"324","6.5",810,"温蒂","https://movie.douban.com/subject/20369526/",FALSE,"https://img1.doubanio.com/view/photo/s_ratio_poster/public/p2573546947.jpg","20369526",1200,FALSE
"325","5.7",2508,"生理酱","https://movie.douban.com/subject/30459669/",FALSE,"https://img1.doubanio.com/view/photo/s_ratio_poster/public/p2572345798.jpg","30459669",3538,FALSE
"326","5.8",770,"天真派：红楼梦之桃花诗社","https://movie.douban.com/subject/33434848/",TRUE,"https://img3.doubanio.com/view/photo/s_ratio_poster/public/p2585715592.jpg","33434848",1080,FALSE
"327","6.9",3248,"同喜","https://movie.douban.com/subject/30354186/",TRUE,"https://img9.doubanio.com/view/photo/s_ratio_poster/public/p2564319274.jpg","30354186",4429,FALSE
"328","5.3",1500,"虎尾","https://movie.douban.com/subject/30309632/",FALSE,"https://img9.doubanio.com/view/photo/s_ratio_poster/public/p2593847435.jpg","30309632",2222,FALSE
"329","6.0",968,"108 ~海马五郎的复仇与冒险~","https://movie.douban.com/subject/30372323/",FALSE,"https://img1.doubanio.com/view/photo/s_ratio_poster/public/p2566595178.jpg","30372323",1368,FALSE
"330","5.4",1500,"圣诞前夕的骑士","https://movie.douban.com/subject/33159421/",FALSE,"https://img1.doubanio.com/view/photo/s_ratio_poster/public/p2573684978.jpg","33159421",2222,FALSE
"331","5.8",1334,"每况愈下","https://movie.douban.com/subject/26354577/",FALSE,"https://img3.doubanio.com/view/photo/s_ratio_poster/public/p2580862161.jpg","26354577",2000,FALSE
"332","5.4",2493,"救火奶爸","https://movie.douban.com/subject/30428030/",TRUE,"https://img1.doubanio.com/view/photo/s_ratio_poster/public/p2562845638.jpg","30428030",3693,FALSE
"333","6.1",691,"消失的尸体","https://movie.douban.com/subject/33395014/",FALSE,"https://img3.doubanio.com/view/photo/s_ratio_poster/public/p2576493611.jpg","33395014",1000,FALSE
